TicketID,AutoTaskTicketNumber
402a5a56-bf02-4fe8-9a2f-513bb9356f73,2
43001f20-b808-4204-89e8-c3191b339a07,36
11dd6619-902b-44fb-8a74-3292656aff2a,85
16972b96-b523-4d24-877f-1529d3a9944e,74
9c2d9614-ddc8-4694-85af-a61960c4e374,43
868a9f64-1131-4677-a06e-cf5ee4382d1f,79
40412c8b-e901-4f68-99b0-b1c9c36711ab,68
c9862a11-35b7-4c80-ac16-dbfc2d4c963d,14
b37ce2cc-4973-4f93-b70d-a3522697e8e6,78
6a092df0-aece-468e-b530-e8388d8658e4,59
cc9db4fe-252c-4b2e-ba95-53c330daedb0,99
afe2c3c6-e217-4fac-849f-d426a4ee2b6c,35
e26d6425-da89-408e-9e36-3efed8521a2c,100
e7690b44-369f-48f3-8297-b41ba21ef85f,87
f5040146-1b6f-436f-9939-2d15ad34d522,69
93f178ce-bc0d-4900-b88f-4a7e2763a899,40
7ad89a56-cfad-4bb4-8ed7-8aebe595d12e,5
cb2f5d60-13b8-4339-9339-d599c84961af,26
ef653644-3f84-41f1-9998-78548f13a283,68
c58b2c83-2369-4f38-82ff-5b2760a4962a,12
666bd6a4-7f54-4c59-96b8-f32f9a18c3e6,40
9994fc97-a8ed-40c2-acb0-cc5acd1c37fc,64
41dec5d6-d644-4f13-8cf9-a33d0506eb00,8
9914c416-a17f-4404-86e5-32ba5b6c13b1,51
bca6a59d-a52f-4634-9955-9a199707416c,58
d8756ec0-59dc-42cf-870d-76f36c59616e,20
0b26184d-e56b-475b-9510-8fbc0a5d6ce3,50
9de23d6a-ed51-45b4-b7aa-253d509743aa,90
64ed9772-5ed3-4977-9ee7-b2bce609ce21,90
39487b23-fb2c-47f3-a91b-b149d04d6a3e,60
5fef8d4f-2c86-496d-a296-d7e1bdf9355b,61
dbc2401b-9ecb-4001-8c09-898fbe69da79,18
ef163ac1-a837-472f-9dec-8b20c00069c7,43
2cc031c0-ed9d-4286-83bc-ba331c78b707,26
7f919125-cf26-4bab-9da8-0f5cecb78842,87
7080c415-4f78-412e-90f8-b82fbf5105e4,81
92432d3e-ec50-45cc-a513-e01e9fdf31d9,20
a1c0ab34-81be-47c6-a402-bb5f5b1347a4,100
c22e114b-c753-4ab9-a6e7-f059d7367bac,26
e05d7c66-9389-4a54-858a-c86d2292643a,27
89448005-4a36-48d8-9b5a-9b2f0fc0c6cb,35
9fc43a07-49fb-48eb-b1ed-7fa6274bde41,16
ab3634b9-555f-4da7-a6e4-d40bc0c04494,33
45ba8506-5b19-4aa0-9935-61f3484d21f8,56
088fe94f-3395-418f-ba9f-18dc0b9e2c7e,72
bf681f32-cf36-4697-bd08-9c426c5dff8b,2
9e2a462d-bd40-445c-b56f-986157c81e58,22
bf525217-66e0-4a2c-9611-ab8b3bebfc77,12
b15a577c-1978-4633-befc-2231c186b64b,19
91b10443-3b4c-475e-9e8e-a350cc8322e5,10
b21763b6-7685-4573-b9f2-4f9ee37537d6,17
0628946c-aced-46aa-9325-6e534b9d151b,90
7650b00e-af53-46ec-869c-7689c6fea8af,35
7613c643-5515-471a-b301-5b7991472829,51
5228c502-b26d-4c62-b3ab-93f2183fd17d,6
a13dda06-9842-4b09-b62b-c8f1046aadf9,93
c739e3cb-15de-49f4-bdd0-f34d7809ad85,75
06e98d34-d712-4a4d-b04c-a61428bd7d06,43
621b5e02-644e-4cac-85a3-1e1bbe8a40b4,76
d4b10e18-ff1b-41bc-ba2b-5982043e9d32,51
13019a91-08b6-4012-a299-a540d189f163,33
3b84c309-2446-4696-bece-955bcfad9a89,43
7f2fdc93-e187-4a2c-aa1b-77e64dc623d0,100
5479b689-9272-49a1-bbf4-9c1e225fed62,37
d0b859c7-254b-4256-857f-ae4a18bfa1ac,45
547c53c9-d23c-4609-b292-464986c50d49,90
032bb584-e9a9-4d30-9771-81f451c0f1d4,74
2cd1f3ad-2b7a-4ec1-b3c3-448c9c96abd6,22
6cd28a47-77e5-4361-b90b-060730c32615,90
73bcfe4e-8fc1-4171-ad3a-e2096d5e4db4,86
f37c8241-fe21-4653-a205-cdd994805c0e,48
37f7ba44-ae3b-46c5-9665-3fe8a736238b,10
aad8e500-2376-448f-8d1d-2cb0fb9f9c75,99
559fc1c0-cb4b-40d7-8a19-053f7252f974,85
1bb01be3-7027-489c-ad36-6ef317a71d14,90
a0a6ded0-ed63-4c65-961c-ab828700c2b5,11
4da2dd25-7fc8-4154-acd8-50f0afa48c96,50
74b0ffcf-07f7-48f4-81d1-eacc58279254,53
5d237407-f740-4a8c-a2ae-d11af3db9b86,95
1d39462a-b4c9-4790-ae32-2bde5ad4d448,72
5659e673-2530-4fa5-9874-574832627daf,96
4da97454-0f4c-453c-919c-f7318045e229,51
31bb5ecf-2a04-4abf-bdf8-2d57c63fadb7,40
f7bc43e5-7dbf-4233-9596-5806bd224c6d,92
ac5470d4-e6a1-4db0-bb2a-e84240430951,100
67259ce6-2cd5-446f-b50f-de46b941ba3c,8
bb0a841c-1df4-4b6e-8a0b-64f74a6629a6,23
b95d3274-793a-4114-85f3-169a06ab2af8,31
99331a4f-659d-465f-b0b1-15f559b63553,94
d96e8ab4-d5f4-4a78-8643-993a7e791031,9
6712d751-5841-416f-be67-fedc4e672f2b,14
f129336d-8b1e-42fc-93dd-784dd00f58f5,13
9cbbd7d9-b176-4933-b16f-2bb23ce4365f,99
b8913ba3-45c8-44e6-b27d-9c8183a0b2ee,51
1f5c6121-4bd6-4281-9caa-e4a6efdfe575,83
54d5de8d-2e9f-410a-b783-3b7006b71144,88
81396a7f-ed87-423d-a0d0-02a08f11c8fb,52
8c98e999-7ffd-45b5-8aa7-8087805178d4,56
0cb98c5d-693a-4ac7-be48-b627a6da1b4d,35
1e116ec2-8d02-4d1e-997b-1c9bac440003,59
b5d2edf5-6cda-48ea-bc4b-2508d70b29f0,42
db4bd90c-db6a-4f64-a5f8-07c28f1d10ca,80
53135c23-dd30-4584-a29d-bc45edc0db2f,57
1472337f-6602-426a-94a4-028830bc7cba,34
72c2430b-b793-4408-844f-f723f52ba540,72
24d89ed9-4070-45b2-b0a6-354a68a6db28,89
c5d82169-fce6-4f5f-bfd9-2435b651c657,8
4bc8e2c3-5910-407e-a997-f2c4d56f89cd,95
625fa9bd-9b0d-4f84-a9b8-d456b76d213d,18
639de52c-a72b-4a19-90f9-092e21a5b81f,41
ab9ad684-1d6f-493d-9bb5-7686fa882dcd,82
a12a72e4-8880-432a-b844-0a55abd31e2e,78
b3c057ad-cf3e-47f6-80a8-c6f8858fcafc,49
0c530d59-b370-4bb4-a02d-63b9a79e4a6f,68
7490f79a-1c9f-43a0-bd20-5669966ae8c4,16
ba3e858f-a329-40fa-b1ff-70f0b52a4fa5,43
0db9f2a6-ad42-4823-bcce-dae508feeab1,92
d3815598-cdc9-4311-ad53-5fd428ec6c5a,28
e826422b-cf68-4640-9886-5006e8d8d4e6,90
33046108-d58d-4edf-afe8-9284226c6205,96
d64e98a2-168e-455f-aa5a-a853e35767b0,85
26d9ddc3-aebe-4f35-8520-cb6bf25f10d7,23
749e9e0a-285e-4daa-9353-b51326acece5,31
f3f8d4a9-5b1c-4b0b-9bce-81f0631b82b0,27
f72f0709-f83b-4b77-a6bc-20114d8d6fc5,85
7935b1f7-4091-487d-9bb7-67571494fe81,69
7aa157e7-019f-42f1-ae93-8e4e0c78cc7b,29
5a10fd8d-ddca-4a91-893d-d248b998492e,94
94edb113-be94-4613-b3b5-e79285b42140,96
9dfae772-18ad-49c7-b42c-2c49d101bed0,97
07b291dc-fe15-4d51-8367-701aecf2c683,71
b29bcdad-22a1-4a92-a566-ef90c9a8ede6,82
a4ec2ec2-13d5-47de-ac9c-533b5f33121c,66
1b433e9d-2be2-4511-83ae-44bfba13ee7f,19
9c7501a8-cc4e-40a5-924a-2ddad19caa31,44
ebf55cf9-5bd2-4af5-a213-bbbe9fb4566a,10
62663da2-689a-421a-b04d-be575b381a81,44
20019874-0edf-4853-8e9e-bf16f5aa939b,5
6b24a44f-f1bc-40cc-b410-c633bc32008f,57
99f7e403-0729-4fb6-b539-b9766e5c4afa,88
ef1e40bd-bc17-45e5-8767-c9e42782d836,83
e0211c4e-5815-4ac0-8984-215d964b961e,15
a5825e25-7d8c-4c5b-8573-fc070c700ce8,98
91ba36fe-5fe2-4abe-b6f2-45614e450256,62
508ae7e6-0977-46ba-94a0-a1d0e9fb07c0,74
62cffbde-0cd2-41ba-908b-873e39e128ff,78
0f8e91ea-5fb5-4eaf-a3f3-a56c4766bf98,26
c218cc1a-d2c5-4258-809e-51cd16a558af,99
92d93d26-a8b1-4ad1-8978-fc05ec8102fe,98
6abb7059-d378-4c4c-8ad0-ac6a7800d7aa,9
20db86d8-7218-441b-ab06-62c1e0d142a2,12
444222e4-1b93-4256-8b36-fc58ed2c67a6,7
bf80dfe3-8b9e-4f19-ab5c-d47c46c6c2d6,4
ee4ec553-ee15-4512-85ac-c3b46cadbe8a,100
5475c5f1-4cb1-44d6-85a9-9e50cac18b59,64
d0cfe42e-7a52-47e0-82c9-22b8775f4762,51
f37454bd-597b-4411-b9a0-d18a502ed46a,72
b36072ff-7039-4089-87d1-f94110d509e1,47
a8db8d8f-ac1f-44fa-8d74-bae969f63054,29
e022d887-2a4a-4ad4-9bbf-8bddb2920216,7
d7bbe5b6-f82d-46e0-962c-c0f7589bee05,5
8cfedb43-9f61-474b-945e-48f9625e5094,3
619d6172-e24a-47c8-b8d3-3b049f11a77e,3
71d66c53-e729-4f68-b869-ef516b2b2f45,72
df7b954d-d7f0-41f7-9133-885e2e657873,59
aef97fe7-fb41-47fe-be48-7d0638827cba,48
578a8f42-3865-4f17-be11-d749bfa674c8,46
fbd3889f-a8db-42ec-b95d-c779f71eb319,30
7768168f-deb4-4a87-95a0-0848df635cc8,69
488a84c9-cae7-4fd4-889c-bcaa1ef7285c,78
81d5ef4d-adb8-4238-9120-773368de66f4,73
8b44a3a5-cbb3-4d4e-96ac-d653e28ec982,50
2ab1399b-082f-421f-8340-8653cf737d96,57
860e169c-ff66-423b-a155-3d4e40387511,87
9f0f457a-d758-4d4f-8886-196b0d7e6c64,87
18e135ab-5162-4cbf-ad26-553cbfb94434,22
ff0271db-a195-4ced-8754-8bfff9cca054,72
37ba1090-70ce-4608-bf7d-66284626c46c,46
06ccd527-b254-44f5-935c-1e629e59fa36,48
89cf2e89-c562-445f-928a-c8dfc53dc694,94
06181017-a4b6-4f3a-9899-0b16c025f101,78
c7b3ef7f-4421-4433-80d1-b09b7a372633,80
74f5e329-d311-4824-a385-6a3935789894,61
a03a7200-c713-4576-b299-997def2c7fc5,63
56afea38-262f-45d6-bca5-25ef3f2ff543,78
56252702-d421-4d3c-81e8-5e54a4091826,92
10fccfda-de32-447e-b2ea-329ec6bd020b,30
7327168f-7d3c-48c5-8a2f-963617def064,31
12539dc9-3bda-4b7e-bf9f-ab49a930faa0,29
f909e98d-0f3e-423c-9f62-f8fc1240ae27,76
f1a0ce0b-28bf-4eb7-b120-986a4066b21b,95
4b53ee59-0039-4aa0-8439-fb87c169da83,27
9daa79d1-0b8e-4ab3-a338-83ade0001f6e,44
a72da79a-e84c-4910-81e0-0abd6ca558f8,96
23083076-4f87-488d-b118-ad564c954fd3,65
df747b1f-53e5-4484-b488-8d8ee4c21b12,89
fde97ced-a474-4196-a356-14b3fa70a11b,81
78d94f6b-8f51-4cc9-be27-2ab2b70b59eb,99
4932b7e5-6855-4892-8768-e59d8767a827,55
94cf39c7-b0b2-4021-a01d-aa6e1a71e296,72
c473d08b-91b1-4767-976a-c8aded1f2983,57
0b669051-abb7-4286-ac91-7afd178bfdd3,17
3782b2a7-63c2-4af8-a8d0-bccc6fb9ff17,29
76ed683b-4f36-4dcb-8854-40bc7158af6d,24
89f23f22-f2d1-4ba5-a6f6-c6c1e3042829,6
3a92205e-5abf-445e-ae12-256f1ecdbaaa,71
c32efd2b-ff10-4243-b20f-c2a2f5303613,5
eeb79a7c-951f-4bf8-a4a6-f9b48c60277f,92
2e18bbb8-0ef4-41e5-bcdb-6bba97ea0133,88
058059e8-0a20-4483-a547-4a3fa43175c8,40
aec46fc8-2126-426b-a08f-9121d741c150,64
61bad74d-d3f2-4065-80ed-ca208065f6f9,14
6f46a9c1-6aa5-4e77-afc1-5a0e7754d971,53
43cbce5d-6370-4c37-a1fb-3a70de0417d7,32
11c9ef4d-d83f-4de5-9cbe-662e1240d184,63
e61c3d02-031c-4856-9347-48a379b6b466,18
505b78b3-f5e2-4abe-9e80-7a638297326b,5
7851028d-0462-4776-89b9-da581e576edc,6
3c4ac6b2-0b67-46cc-ae11-a0d44384dd71,84
26bb8f21-b02d-4011-909d-d9b20d0f4142,53
1d264fe8-d584-4403-9958-11c93b9fa063,65
244b6b56-6ac1-4c90-9d14-303b34204a30,30
39140a26-6e47-4a01-af20-9aa52eab9313,71
f7df45bb-9493-4de9-9505-cb5c3bfcd069,4
a9d8cad7-626a-42f9-b865-255a64519b5a,78
36c6a649-222b-4ed6-985a-6867199ee6d7,15
cf1bbca3-4703-48e0-9b68-d1a593d1c591,46
43a2f661-c393-410c-9a1b-22c91cfbda16,90
0de7a2f7-c732-40f8-b72b-3293e2d8f92b,68
8676b2bd-2f62-4dd5-87a5-6bb5470aee99,7
cb348c96-5155-48b2-b5a3-65926695b84a,13
6e7a0219-39fe-4894-ba00-6abcf34d4546,53
14f576e2-6256-493b-8be2-91b669c5dced,28
543adf01-06a3-4642-be81-344561918b69,92
a8372e2e-b8cb-4c76-93d0-e81d5192f0cc,85
31287d49-1b99-492c-b841-c2c3a2b06ace,32
6c914c6a-bbbd-45ce-8f80-c906f1736889,60
b1b05913-09f6-4f8e-82d7-40f2d557c08c,15
cc8bbb3a-b76b-460f-b4a4-b18c9a0c8650,26
7d0c71ff-08f8-46f4-99c2-033a448f9991,29
3225d720-92ef-4576-b4cf-c910472830c4,85
758b2794-7f3c-4bbf-8f1f-a54c2f11488b,54
8b5ecfeb-2080-46b9-8d41-6ccf72979f13,51
1f33a914-f4c2-441f-8b30-acaaa313835d,94
8c33d6f7-3405-40dc-a307-6e58a7933700,9
3e55e0a7-9780-48c3-84a4-88e37848f015,72
c1844bef-c3d1-460c-8144-bac96dd7d136,21
09fecd6b-5c5e-472e-a1bd-1263cb4e3295,55
92d798dc-3ffb-45a1-8bbd-8690d047235d,99
741687b4-0917-462f-9286-4446c8c380cd,58
0d1a41ad-aab6-4c6c-91f0-d83ab11cdb65,16
eff053e1-2efa-4e1f-9178-6f9f96ff4cc4,19
2cf1bd53-4a99-4944-8361-9fda17841153,4
d48e48c6-3c6d-41c0-a02d-5ed96359025d,80
de46e385-b978-4f58-8569-736f7509d108,86
272f36cd-0ec9-4f72-8e65-eb9b89e97dcd,3
62728a5a-3792-412e-beaa-cef9b7adc962,19
f7de1227-8186-4396-ba9a-6a7ad4a9c525,20
63e6cc74-cfdd-47dc-9699-184c83768c75,95
4fd466f4-fdcb-482a-beab-868adc28881b,93
4a30e4b2-5a35-4157-8ece-969888ed51b6,67
851a68d2-e4b0-424c-9f8b-a13537c17fc7,23
6e9e2e4b-403c-4065-831d-099a5b06d496,55
543f02be-6e8b-4d8e-96d7-46903a5f3b22,56
adf45cca-0520-4f87-b1cb-56608d10e93f,52
a22101aa-2468-492d-af07-b356229db0f2,87
a37d1829-7784-4fbf-ace1-14615fc2602e,32
c1036f67-c95f-4735-8ad6-4f60f45aa4dc,55
56719ef8-b305-4a71-ab1b-5431b88a3920,95
11baea56-8fa3-495c-8268-89a4a18eaf73,76
79409b2d-4090-4a5c-be10-8baeb086b681,11
89ca1965-c279-4ea0-b832-5b91677a0b17,55
e2407a7c-79d0-461b-9c31-53477485e99c,36
1dee8bba-6a1d-4751-9745-116a649fdd4d,51
9e03524c-b2c7-4a44-a915-47ce750d975c,34
0d6c2a5e-9fb7-43d5-bf95-09b5ef456107,69
cca2177c-c6d0-4a08-94aa-8346383a1cfd,53
2b8feb3d-f238-4cdf-b2ae-355bc1413886,74
c7c336f0-9cac-43ed-8c01-97658309ac5c,64
f40fe2b3-1d63-4a2e-bddb-6fe8de3f55a7,55
fad92e06-a9f3-4a8d-9e70-64f2883196cb,15
17f8a916-e28d-48c9-b423-ac7c7c742686,58
a623a0c8-db21-402c-9abe-5be39e6f96c1,77
b987b6c2-9253-4905-871a-16fa510d99c2,34
3c7440bf-8b53-4a44-b1ff-02c628b0aac2,8
8b318170-32c5-4255-b23b-5c530089dae3,81
0e2073c5-82ac-470d-83b1-5ed9325c4d0d,25
d6d501bd-567c-447a-904d-17acd54008a3,67
e15c33e5-8d1e-45d2-83de-c28dfdbe4de6,70
4b0a5e90-09fe-425f-8cb2-8ecc05022869,79
aed243ed-413f-4a12-a3c9-70174dc6efc5,95
ba39db2c-d5e4-4305-9c9d-3b3c3a17b918,86
8e107797-8f9b-40b6-8876-3a02d470f075,87
78196162-ee7d-4a87-a138-7c97d863a705,54
787288f5-8f85-4277-9bdf-48a2ada49f6f,74
d51ecdbe-93fa-4024-ada6-93c4805d8f0b,6
d1d25f68-fd68-464b-91fa-395937776761,11
9e450ade-6b9e-4fc9-abbb-cd5b1a45fc9a,90
dfcc726f-f45e-4a7f-98a7-e025c0f9b593,38
83dc0312-6ef7-4f4b-bc2a-61b911484bcc,37
9d368c02-8e2c-4185-b482-62a21812879a,72
6264730c-0596-4683-9f23-aa0f7795feb8,65
b3c4df45-727f-498b-9885-5efad077f0a5,15
63c3eabf-76b4-45bf-8092-55ddf25359eb,58
753ab0b0-5741-4429-849b-4648691798a2,14
4edbfb3f-5f05-4d76-8ed6-4d33bc1b6a57,98
48c4a553-a358-4f32-a926-859914888b2a,76
d8cc499b-4e57-4641-b333-156857a804de,36
5d42d4c3-5674-42ca-ab70-55b2bebe741e,45
83b5d82c-5c40-4ff0-84f3-72e2eb75aaa3,18
febdccb7-d264-41f8-b07b-c858c6c44c35,22
80d6c125-d919-44ca-a1c5-cb0d5208aa81,44
23117ccd-fdba-4af5-9773-d5226636ceb6,52
00a99923-b777-4e5b-9175-3419ea440ef8,14
b44fb916-2b81-4100-9162-c43a64e0c062,1
b8fd5a7a-d1ac-40b3-bac8-21b83a2c4adb,18
c3d9f006-28f0-4ff4-a884-e47e0b4df533,82
1a49e8f1-cddd-47d6-aed6-5bc200a8df22,67
2097fcbd-9675-4ff1-af44-731d3d8d5030,95
19449c31-7378-4871-b07a-0cf8c2bef9d1,32
a39a47b9-39fc-48f2-849f-ddd1f53aae80,46
6258f793-560e-43e6-94b9-8c7fc8bc4f43,42
00c4775b-f067-4b61-9297-2e66a6d468cd,12
b7991f02-3b99-436a-8361-51d810aebf05,87
1d064a66-5626-4a55-bcfb-bdf80a489f55,56
8f081cfe-1c14-4777-83ab-ad25e44242e0,82
1ea21b13-2027-48c3-85e9-3e3bae367ab2,97
bcd233ab-f19d-46e4-96da-c1ecb3f3c539,76
f9f6b4e7-d578-4f40-9e91-eb90acc28036,64
6bc2b2bc-e3a0-4bfc-a1fd-f33eee0428fe,19
007c77cd-fc5a-4fd6-bd0c-db68f173307e,28
1969ced8-bb3f-4f7a-986e-80490d9dc0fe,79
dfa6957e-bdc6-4056-bb10-cc97d7fa3efe,95
49ecc7ca-9372-42c6-822b-87ba40b7e49e,78
213e257f-a23f-456d-9cd8-32217d996382,38
c2ca5872-da1e-42c8-b0d2-2d17e02632aa,42
19f219e2-4a29-411f-9b50-0d69f05facea,14
a94d3c4f-c879-4b34-af2d-73665ed39c1d,33
383f6f61-1aaf-46a0-977b-6bb966ec28e0,82
efde5a7a-187f-41bb-a345-efbca56da2ca,22
7986deb0-35f4-4073-b401-a2711a6e378f,92
b7d4cca7-5246-40a7-b90c-28cbff89b25a,29
a50230e1-a027-46df-9ccb-d9f48eb5744c,68
f6107247-6bdf-4d6e-aab9-43cfc4df7104,26
79b8a131-e3a2-4bed-b720-923affdefe69,51
a2fed942-f83d-40d7-8c60-7a86a46f72ce,49
fc6f3e97-6129-4b57-af6c-f7c022a14b1d,34
abd22832-cf1f-4325-ae80-e145a1b4a30c,50
c9aa1144-bbf7-4de0-a994-f5a0faea3ba7,6
df44e38f-2314-4d05-b1b9-ef03d239e145,68
5cf30f6f-3633-4289-a3fc-9e70e7882c0a,54
50587e4f-4401-4bd7-9f26-66b9f15e72e0,17
840b7bc5-567c-4346-8e26-abb964a54ed1,8
47666046-000a-4fb3-9918-5f2e46a07807,39
7f2000bb-5a08-4821-afe6-d7090115c447,82
ffe47cf3-600b-4d84-a394-09bd3912d53d,77
0bc8e539-0478-466f-bd4c-a3eb9ece7d31,16
bdc316bf-9817-4bbf-9240-f0803781f7b9,39
969f92fc-744e-47be-9f57-a5879c2a22b9,74
9f782e6a-d77a-469f-afbc-fc734afbc267,7
c461674e-8004-4a16-b70c-d5165125e791,92
7db25a5f-b431-4773-b48b-2ebf14c420d1,42
267754de-2991-41bc-abc1-960d0bc559c2,2
8d02d00c-9b51-4c76-bfe9-6e0c5f05d3d2,94
db985a12-d957-4d94-90bd-ab718feadc92,87
fc4bdf3a-749d-403f-a1a0-23974dbae935,49
048dac44-1da1-43ea-affa-ac99187460a3,85
7deae562-52dc-4e38-8dfe-26d42e1795b1,47
9427c932-dbda-4e94-85c9-9f7335dfebcf,72
e0e0f159-d9d0-44fe-81b6-3013ced837ea,9
e00cae71-6316-482f-a247-ef5794d94984,50
695e1a36-14de-4dc0-8139-dfd150e83a38,10
332fd2d3-bbea-41c4-987f-84f3792f8fe4,37
074d404b-e1ce-4f8f-b9bf-fd16b1b22e19,52
a91654d5-0e98-4afd-aa20-fb08d6ae373f,83
8e4dbddb-342b-4fa2-a1df-7ea3d874ecc3,5
2a9ec6c8-5024-462f-8fd2-9cca418f931f,8
15bb903b-dc1c-479c-8221-9b9e30bdf5f9,57
e8a13305-62b3-4823-a8b8-bcda87f50458,32
8eebfdf2-04b0-416f-b8ce-291f2802b341,62
e2899f3e-44a4-43ff-a16c-e62884e44b0f,16
84877f88-73ac-4029-b815-f68b162024c2,70
93e4e1f9-3c97-43fa-9032-8b69fc86bce3,55
76cd76c1-d545-4b87-8e41-9524a38b81d6,8
53678295-0adb-476f-bc5c-8f2e0f645bd4,31
bb05ec33-c22c-488f-a8fc-b6d32963bebc,21
e5ff14e9-c4b3-432a-8e63-f2da6b8aa5fd,51
136439d3-0e03-4a8a-bd84-71b36e5b73a3,42
1871c8a5-580c-412e-b9f8-36c176d8734e,69
2927be9b-a28a-4341-9acf-217513bf8026,7
17dba677-9ca0-4a77-a312-f498fb94b26f,42
3517567e-fefb-40fb-b854-e3379ae18454,66
d2a29e3c-fe8a-4d39-99d7-e5a9d18af0ce,52
23fb3d73-9711-4ffc-9a96-d97edd832a72,99
95bee01e-d99c-4223-b651-7c2db5095b9c,14
d652489e-ceb3-43c8-9c7b-47e4f903ae15,68
e38cc84f-d63a-4367-a3f6-552a8221f5c0,13
4537185d-8140-4e7f-aef8-10c932a7d6a2,75
a4548332-82d6-4558-86c4-7573b7ecfb85,61
c3113c22-da25-49d2-b595-5ecc108a67ce,57
c66cea0b-cce6-4104-a6ae-d0f0347d103e,100
15465a83-3fdf-4964-9be7-1e90e5a9b2f9,11
c4e6583a-0d83-41a2-947c-8d8995d3feb8,99
dcc3d909-500b-4367-a272-de7376a959a9,88
173211a3-2b16-41ab-a704-6aeea5daf07d,82
33171700-c597-4c44-830e-b9af69f0493b,14
6a9c9a72-91bd-4bf8-b1a4-494014ddca6d,42
18d77877-44b0-46b7-a4d4-63d906c47630,75
43a2d19e-e9bf-4c49-91c4-ebd137f54ee7,86
a9c03ec3-0c3e-4bf1-8767-0c11dd8a108d,91
dea1fdc5-5bda-4a22-b9ff-c661388bc54d,18
6c640779-147d-413a-b934-d63852583b31,93
dbf637a7-276a-43d9-92a8-6b350dd23b32,30
cdfb981e-e5e3-4389-87e8-53ce8b934fc4,83
634dd364-e04a-423b-96e0-adb9ff947e01,71
bcadf5d3-cd75-46dd-889e-b9e004712e88,48
cf9856b9-35f8-4901-a52d-8575a17f90b3,79
4c367594-10aa-4679-8476-7e7d485ab7f6,40
2e150bbe-4047-48fc-9e04-1a46d1bba1cb,60
b0818c00-cd35-4878-8b66-9b6cc467c70f,72
47db9198-b778-4ff2-a521-701ff38c252d,55
4855aa8d-f46c-4154-829f-4a382a5f88b0,75
65d0e432-7ba9-4d5f-87f3-575a0ff703cd,41
f54667fa-fb9a-4436-9fc3-769221d58303,100
c0d99321-ffc4-4e5a-8678-fa45b614a4c5,68
881e13ad-e589-4ca0-917f-a650d2416a66,62
601bbfb6-9912-4f5b-92c0-eced8b3f50e3,14
6e504b3a-8ea8-4fe3-a608-9c6400811ae8,74
8ef114e9-8bb7-4f3a-9f13-909c190b01f0,3
52ffa2a8-0318-4648-a894-32ebf01800df,58
683521a3-f2e3-481f-adec-730bc213f476,49
e1d916f3-4203-449c-975f-1fffc2948270,89
c4fc15cc-9a39-4cf1-8979-061fc9330ec5,10
93e4e2d9-5683-41fe-aa75-d10312dbda9c,56
f6985bbf-e7cf-46e2-9c2a-eca234cec7fd,41
3358bf51-2908-45ad-8c10-34264dbd688b,12
89b47f53-7394-4ae5-8610-151eaaf1024a,92
47ea8d88-5383-4f9a-9e20-20bf5e47eea0,94
a69c2703-24d3-46b8-b284-6f43e908fc5e,5
ad392453-6d7b-400a-96ad-f0c8ddc3ac2f,83
3a78c260-3d1a-4739-a725-ab624e69b7fb,45
ae23c156-4fe7-4d4d-8890-616abd01e398,34
677e97b4-5063-443c-af9b-23a80df27f2f,16
8fcf6e56-4b39-4d40-bb35-c20fbc0c9093,67
a32b9e26-4a9e-4c5a-af88-d7f3b5cec047,24
3c3f7960-5e7f-4f59-9f6b-a9214630f71b,92
5af16068-06b3-4c31-a87b-43312baffc25,55
22a91a56-5a7b-4a7f-a0bd-d16d50576a69,46
313da607-6726-44dd-8a07-b288d2daaa78,52
22d997eb-9b76-43a2-941e-60944d7d3457,63
16f29d92-4966-4200-9519-3c52c05f40db,75
0b0f7449-9e7a-40f4-bc49-7a493c1f6893,42
52471312-c082-49e8-86b6-2a61f48df772,42
95f480a4-27bc-4ab0-97c4-5aee42e13436,63
5f034ae8-ac13-44ee-9fb5-a161ea354ba1,52
0c4e904c-4842-4239-9c38-d9b7f24b048a,41
aef11355-9acc-4729-9555-92bc6e97fb21,77
90a5d645-1d41-43e5-aff2-3878d556fbae,44
19d55324-bc1a-432b-bf15-a5d2d3bc2afc,96
5efa7396-8b81-4242-9041-59b0851fb438,15
9c597758-d089-43b4-b15f-fd878695cbd6,71
c3c72f45-4562-4498-a4aa-ecd15bd1f4fb,23
c7ec3194-b0d1-434f-8620-685225dede1c,67
2bb4458c-1b93-480b-b214-13df17ec55b1,18
b3a1397e-a8e6-47f6-b4cd-3be821ba3c7c,1
d0847436-3a89-40fc-9996-99393b9563ad,65
8c82279c-e2e2-42ce-bb0c-32e3267fd2b8,52
67a57d79-348a-4b42-904c-1c7a0a9d53db,12
ebd876bf-c80a-4d80-aa27-3fedb386b7f8,4
38bb774b-3b60-41c7-b498-dc997595786a,53
64e02d8a-8435-430d-84f0-76173b216a07,49
f1bd651b-dae3-424d-a22a-75b6539e34d0,54
865e3d32-9494-46e6-bc93-96f6c5f9baf6,14
afb5ee2d-b407-420d-98a2-801b5714ac2d,96
4d9e3a74-108e-458a-afc8-3ab999901e21,40
8e333abe-59c9-4aa4-90d1-d1b9618e9b3b,38
c3313e74-d3d3-47b5-891e-9d7bd6c49e88,76
3e405656-41a4-4a86-bf53-e76d0deb9aac,28
aa48d1b1-c71f-4790-ae94-bce9db570094,52
8c087afe-ac28-4265-bed8-e9aec63cb4a6,74
c3d6ec3f-feb8-48e0-990d-28dfdc60889d,22
eea5e675-4082-4fa8-8e07-35c9703727d0,26
fc6e902b-c913-4eed-aa62-68c886527143,5
a199865b-4805-407e-8885-291851c8d04a,72
31558c74-21f5-4a00-a189-6357dd29a8f5,7
3d493efd-b4f3-40d7-8461-14a60947fc94,6
1120c720-12bd-4cca-9595-84a522dba6b0,95
3a10307d-78ad-4f22-8a94-7605563fd722,6
0bb26f55-a313-4350-aa65-fadbdcc817ad,96
28949e6a-e2b5-493a-b671-7116bd85dcea,42
582d0470-b5e0-4d08-b073-30a9f57699a2,82
4e482f69-533d-404f-b33e-f42a88ac2b5d,8
5ff33195-cced-47e2-9150-77bac402b1cf,70
d40ca8bd-5682-461c-b1e8-1fb95fe80d9d,64
dc92efac-8e50-49aa-adc9-5732a1257fb8,39
6e8552e2-3915-48e2-96d3-7790559fa7a3,37
28bf4186-2eb5-4c32-ae05-cf6b91b1eceb,48
6aa149b5-3848-49f4-8f4e-c285c2d57f68,21
fc8b0b7d-66fc-439f-ab91-f471e01389c5,17
7abe496c-f4ff-4125-aa38-fb13f8e4bed4,65
a58649a6-16db-4c6d-9cb3-428485b3ba03,44
beff34fc-2ef9-4377-a3e8-0f4ff70795d8,98
83cd235f-c570-4fbe-ae0f-78c0cae2958a,65
49d5e014-30e0-4b33-b1a9-81de1f7de002,31
1c634ed1-29dd-404a-927a-b83f4c34fdf0,46
553501ab-098f-4f60-970a-4ab6ae4f26eb,85
bed9ef1f-6c1e-49c5-b6a3-8e26841e4cbe,34
374b4717-826e-419c-8c61-1a70ff7b4db7,28
54c846bd-babf-4fd5-aca3-7bc141f8f966,48
949fdf7f-f3cf-4b58-bd3c-d62a4e3f85e6,33
c21cc2c4-4551-41aa-b1d3-0a3169ebbdfe,19
dea5ba6f-5b75-401b-b89d-16d05883746e,60
9efb5a9d-940c-43e5-80c2-d31e9e10edde,20
f8da8968-e379-4264-ad72-1f565b170e20,99
a65f0559-619c-403c-a65e-67ff67cca780,99
6686314f-5d33-4312-a621-c733522fff01,95
12f4dcbf-5ffc-4e4e-ad6d-4786e0f1fde5,33
fb55e1e6-d505-4c19-8459-3a5772c557ff,5
59b0e5c7-8475-41ff-b6d4-00f31b919651,16
fc6f4969-2bf2-4070-81f1-3f31a98d9069,94
da72d26f-63f2-4c66-968d-2216446836e6,49
8492d03d-ac3e-49ef-81ae-5d7d5cbdec8b,28
ae1e7017-1080-4e1e-98e7-7ce32f36c9f1,69
5724fc6c-f555-4b13-8bb7-0e0d9ad1f247,87
293c30ab-413d-417a-b1cd-95ede68d4e10,23
3bccf9c2-8923-40e6-99a6-ebbff1333c49,8
16e2995a-27ab-4939-8627-e005427533bb,1
7fe94b6f-baef-4ef4-8dce-9b3e1e7c6857,44
1d9fa93b-1852-4189-b575-075f2dcc2f70,53
d156b4af-0a4e-4e32-bdb5-314a7586bdd5,31
1ade299b-5cc2-4b5c-8381-e52f1fb25c68,67
92943082-5bbf-4ea6-bf49-0f11e9409b3b,60
a268590b-13c1-4e19-9184-b472042c7977,45
ee0dedf5-9226-4c8c-ab7f-9e6252e8c8f5,49
9c4f6da2-638f-40ac-9472-5dc0596f8807,76
50bbd61e-0d69-492e-a31f-66508c687848,64
9ecdbe10-e5c6-4055-aae9-412358ea5904,74
c92afb96-f206-41b2-8c2b-ac35fd653b00,47
8fc6aa13-c846-48f0-968e-6a7ac382e764,18
d152e50c-b596-4f54-b881-4bd478e62aba,57
13c24b3a-72fd-494c-be11-ee5ca387ab5c,87
45279793-12a9-4af9-bbe0-e5c985bf8836,13
0fe41bd3-13c3-4723-abfe-f43c3b2e7957,97
0b2d7b03-8254-413f-a04f-7417d6414d40,87
e5f36b33-8257-4aea-ace9-7883474734fd,100
1a1b2c26-3c30-46d4-adc7-7d00b414eb3a,17
26a594e3-8fdf-4e53-beb2-c2bb5ba6c31d,7
4b60c737-b596-496a-8dd4-a9ce2ae2104c,2
cc8e7fcb-e057-4730-8617-84db2a1f311a,73
2ae8aeda-de9a-4efc-b3ba-fa3a7d74dc5a,6
c5d4efb4-bd3e-4cf0-8b1a-a2408b3b4f87,40
feadc02c-b58d-4248-9d1a-d334da4809db,44
5650f413-0b70-44bb-ba26-3be30553bbeb,42
f4159391-f477-4ea1-b6b1-c389a4ae877e,36
6d612a6a-44be-4d03-92ea-ea83876111c3,11
a75f6a6a-577e-42fa-8753-e084b551eca5,34
d4484637-ea0b-49ce-8903-6b152fa1e3e6,30
b9319a8c-da70-41a7-96eb-806fb902ce57,89
611c93ea-9f5e-401f-92e5-43039a526668,5
96517ede-0ed1-47fb-8d93-2b448fc9339e,9
5b0a8ef1-1f79-4156-a4f3-cc2c5cc1f22f,15
47ba7f6b-578b-4cb6-9541-1d468681c8b8,24
cf0b9dd7-1f7b-4641-ac6a-90f64d4954eb,47
3c1d7d4d-6859-42c5-8fde-c139c106cc0e,87
25b2bc88-6bf4-489f-a176-4a3846deae5e,29
f0b36537-a9b0-4d0f-80de-bd35c2262f6e,66
2be28ab7-eee3-44e4-8049-7407e9043164,87
f9b5296f-a2c4-465a-91e8-049d8edf7514,32
601442bd-65ff-4778-956a-c160554cee59,4
7aee8d61-7b8c-4657-bdd8-5d6b36cbefcf,61
02eda51f-697d-40fb-8452-7a6e8e645975,46
dcc95dc7-1808-4c8c-9e0f-c2606108394f,74
0f13123b-e604-4d6d-939b-62b6599d4bf3,18
073e3f8b-1284-4e54-8327-e3216d025f7a,10
e307d6f3-8dcd-41e2-b9f6-5d2e4ea0651f,40
d11e7d3a-70ca-47e4-a5af-1e7c6ca3e45b,74
44a7092a-f381-423b-9f8f-3bd2e45b7233,82
ea332e92-2031-4600-b301-1a84790e4fa2,32
ccab8c39-9d88-44ec-a3bb-98a593be88e9,99
0a59d646-49e2-44c8-b501-b7d4ead69bb8,29
c181f4db-1da2-420f-b9b1-9570041f3b52,48
3f1951cf-c3e7-49da-b7d1-ad66faab020d,94
a7d35942-34c9-47cc-86b5-507390d95db7,15
b101174d-cdaf-447e-86d8-acc54ec19c2b,64
2c626418-9863-4637-90c3-b0920c6d386c,4
f7145148-3fa2-4b9e-a497-b799bb2d89bf,6
3a1c8c85-8e80-4aba-8783-b764e9783af9,75
dd551ce6-4921-42dd-9a19-4e027007ea71,66
92fad710-99e7-4c5b-ab2d-1a81c31852c3,46
843facbc-60a3-4104-a385-ddec2e19df0e,94
0c382475-4e09-454c-90e7-b82cd4540e04,90
abb3b0f3-7328-4b14-ac9f-60b408746de6,96
94434283-e251-41de-9036-944e7b589044,85
5e8992e4-b460-4420-bb19-27a2190329de,55
93a2355d-f6ad-4907-9dc8-7eca08deca42,82
8c0626ce-387e-465d-9d6a-0cbc4f89b948,49
805d5fe9-9c57-4a17-b10a-a7f9f22cad51,8
038aaed0-ceba-4425-817d-63afec49a7c4,3
eb162a8a-9829-479e-9828-0f98daafcd1b,30
6b18eb54-d792-4d6a-91b6-4a8ba1da6bdb,84
83f7cdcf-30d1-40f2-8437-425d6ec5e163,71
e8df285f-1dad-4546-9b20-129d64a24ce7,67
dfbd42d8-a7bf-4393-9d0c-78ebd85b7bea,4
fc02e23d-26e0-4e40-9c34-0b30763dd040,68
8dcda38f-3be5-4840-8dff-dd9a0b702291,10
1cc2bc52-e72c-4cf0-b993-4f3653a83d34,14
010a62b9-a045-4852-b842-6a5be1fa18e9,16
ddbea48e-1606-4545-a35d-178dddb6fa37,15
024188b9-8a62-4098-9a12-48437966ab53,4
64fd1008-3ca6-4443-bda3-a49dbbb345a2,91
7821c594-8993-487f-97be-77fc1204c5c0,89
a8948144-429b-4ec0-8ad6-22b4083fac91,23
b213f1ab-7ac4-4f0a-a077-d8125e9ab0dc,1
c0cd5785-77e7-4383-8428-a6b8e9c4ec7d,40
75a822d3-b283-4cad-b3c5-7ae6f9097de7,72
02f278bd-7953-427e-bab6-b156e0194f1f,79
92e1a0ed-66be-4709-8b0d-184bddc8c314,28
d533c7ef-5e94-48bd-beb6-62c67ff700b1,48
0e763249-ff9d-4a66-b8a4-f624cad16a4c,84
a16b276f-6f48-49e1-98e4-e1631dc34781,69
4ddc7696-7af0-4482-8e36-3c9a7440f286,88
b54e5f2b-3b79-44c4-bbe1-35165551f9a4,3
9056ae70-29fe-4ad3-8d19-93910a62ff64,23
3ca0a42d-45bf-4865-a4d8-8450f1a11b6c,99
4f1a7aea-bab6-4274-91ee-f79cdff50209,37
1107f84b-018f-47b7-a82f-2a3619500365,92
35002c58-46ad-4236-90ef-1db24df255dd,86
a530ff33-74de-49c5-990a-8c4039effef8,51
10b55c13-4fae-42d4-9201-2b27bae44c89,40
014b7ad7-9751-4c15-a384-1e75053617dc,32
a9b6e9eb-3d5e-428e-b185-c27c20c76e82,29
b99fcbfd-6df7-4523-b962-ad6747c51028,63
73f4f27e-301b-4c43-be3e-613458040e47,90
ac2a7531-aa58-4f2f-9a5f-095c9874bf18,59
b6dc90d5-5b7e-4c0e-8665-f6094cf9747b,31
008b0f15-425e-4b32-b70e-d76338ba0267,54
cd869344-7edb-40f6-832e-e120543a54d0,68
65bab649-20b4-4668-a040-e9ee4579fd7b,75
58a0d2da-c732-4242-9b99-6aa98ea1b8a1,7
166e9701-b7a6-48e0-9d1e-961fefc88890,38
0e3a8051-4aa2-41ac-931c-f95fba9fe2fe,28
21e1fe72-4dbb-493d-a47a-1de8cc9294ab,97
3f1e6530-5191-4fc9-9281-2a6c846140c5,50
6baf396f-ab72-45bf-9bb1-7d54b308b51c,27
d42db074-6517-49e7-a577-913d5b889188,6
48a8ecf2-0bec-46ce-aadf-2560ce4aa021,13
d8adad92-a5f0-4830-b6a9-2d4ed8488ec9,3
5c734186-0ab5-469b-9254-32a8c0641e29,97
b8ba90ab-b9b1-49f0-80bf-8095e2543a11,88
0bf10c5f-d81b-4448-8b85-8bf820d0d8e1,44
e08334a4-d863-455b-a90f-7a7f9f860c7e,94
9970602c-b7fa-47ab-a7fe-fed0de661318,49
fc08a154-fea9-49d1-98d1-83ff22ecf4f3,12
2b53bb21-e879-4603-a518-87f2c9dad595,38
eb68cbd9-a9fb-46c8-a5f9-4e93b1afe1c1,18
ee44ffbc-de7d-4840-afad-e5d9df6b1047,27
6b7b6f5c-feb9-409d-9493-83abac78ecb1,53
6e09684d-2ea6-43ac-be6a-43cffed8cbbc,54
5ebf325b-51fe-4e82-bb44-7acd559aa158,82
e67f7cc0-6c69-457f-a895-196eda3b2d3f,18
7942f79a-6c4e-4221-811b-a2acb24de3db,68
7cf0b6fb-43e3-4770-b049-63c66a7101cc,19
e84085c4-3951-49ba-9343-8dbdfbe9c87e,50
29b684c1-a307-48ee-8745-298230d71f2f,93
a487df6c-c276-410e-b831-7b425e0941ae,14
bbca1afe-da73-46a0-968d-d3af93a8f2f3,99
dc1f450e-8390-4fa0-8427-de9ae8e5b20b,36
ec4a41e1-7951-4e5c-83d5-f09d7fc09a76,77
2c4cc2a6-5a16-4e63-994a-b4184e458915,60
0707d87c-1088-4955-8298-d25005056ee3,6
200834a4-b177-40da-a362-f318bdb07c1d,66
7bc479aa-2fd9-4958-8d73-6ba764446041,38
6b95651f-4f6c-4725-86b9-4f052d6a1809,83
15cf4eb6-5e0f-4614-943a-f13ba4a38928,86
6bee5af1-b183-4ea2-9129-9f80f1e77e30,4
a5695d2c-2335-43c8-9173-a0678f0dd01c,16
80e3e3e2-ed07-4f8f-a45a-4fb29cd40157,96
069011de-a1a4-44cd-8ffb-451bd585225a,44
019dee34-490b-44d2-b2e3-b83e54df8c34,37
f9a0c5e3-9d4d-4294-8901-41377ad3a0c3,28
bd3c6817-02a7-46b7-a4a5-7644cf0e82a1,72
e00c2664-5cbf-4390-a785-e881825f246e,2
bf2852b8-adae-4557-a738-b1ab87b0cd3e,74
83829115-09ff-4c35-8690-b2b2596b9c9a,92
b8c4e76b-1091-41f8-8c0c-e7c7b593ec96,62
a41ecd22-3258-43cb-a920-89ad4c3027c1,89
567ee573-3c83-4dbf-bcd6-94fc98a61564,87
405b0f54-5789-446d-b17f-807204ca3e11,88
28ee434c-4e84-4e11-bf67-29f90da0513e,82
0c8b1963-11c2-4b5c-9d25-133d4456cd7d,57
de967ebc-ca13-46a4-8825-fb48eb2cf8f3,57
056392ed-42ea-4cc9-9f6e-ebc9aa5fa8e0,69
186fe6a6-79e4-4458-9c1a-9ebd496b5967,90
ff628ae0-dae1-4247-8392-633927a2ee4e,100
a9af5ec2-a591-49ac-93d2-8ad903e0a6e2,21
512c7150-e5d4-4baf-bac8-6f8286db197a,52
5163e8c6-b01d-450c-a4fb-b079c351efa7,39
6c666cc9-5e10-40d6-b682-9446d0ea332e,19
f5f44240-2201-4350-94a3-923bf46677cc,1
5d990968-b6ad-4396-ae3a-8f278dccbfe7,90
f82598ca-a183-4da7-b5d1-9cb9265d62e9,29
e86dd69e-4a05-4499-b221-7dca4685fc79,80
0c7a4d41-8aea-425e-bebe-d7b1261e3e72,59
c479a125-92ee-4315-864e-6bdc118ea647,17
55b15fbc-71f6-4ffd-8723-e3900cba3804,86
2c0ad5df-bcfd-4c3d-b43d-995afb5f8865,62
529863e8-9df5-4a8b-9862-3fc1aee0b9c0,10
d9d1e389-0f8c-4aff-87f5-36d59d9a36fd,13
df842690-7291-49d2-bacd-88deef616e7d,56
0ca2e33e-e763-4c84-8c91-fefff586179d,36
fd1128f2-25af-4f01-a256-8d009c88ef4e,30
0dc4e8a6-ba9b-41af-80fe-a3e35efa81fb,99
007e99cf-8384-4de0-bc26-b6322b431f0a,52
498f6280-1dfa-45fd-98d5-68003a0249f1,39
decfe1b8-3648-435b-b177-98bcfc7206ed,31
bb71f393-c33c-476c-ad2f-7b910f42cb9f,23
290d64cd-53d6-42b3-bb3b-c79f180695ec,43
99d17a50-bb81-40a8-a89c-48685cd811d7,40
f79edfac-3672-4761-af61-b2de433f1739,77
ea63717c-961e-4f49-b6d8-379073cb1df9,17
45cb19e9-6aac-4a8a-8066-1a10d6b50cc9,81
e1fd8e81-3681-4b50-b7b8-dba18950208c,3
32f8d38d-938e-4518-9ae6-b2842765fd9c,78
86ed6e91-4164-41e3-b09c-f612760912ec,28
9d9bda84-1f03-4987-8f62-47c311ded086,79
66f46bd4-2cb4-4cd7-8054-244b7ea1c3ef,61
3648f0df-78f9-4b61-a0ce-62e7e9c25312,57
77142cc3-f615-4e07-8764-2ed2ca36658c,15
3d157b7e-8678-4f6c-bc05-dae681996291,87
9b93da01-7739-4e6d-a881-30ac9f9a45d0,58
3ae6b4ec-3b48-4c12-b74d-1e0fa13f64dd,58
2cf81294-ef93-48ce-96c7-4068e67a688c,81
ae5a230b-32b4-46f6-8123-7207312d571e,62
cb3ee37d-8908-47c1-8f58-fa2b810261a8,77
582b747b-93eb-428d-9405-5350cfc01ae5,6
55a067ce-c8d9-4f56-882a-d7f853cd725a,48
55577033-6823-4e66-af86-6974380c0c4f,58
e304eb94-2680-4bcc-a20d-befa80403657,21
d336c1d4-ddd7-4ac8-98d8-c37fae04126e,91
365881bc-6d62-4f92-aa75-9a6fb43934d4,40
c2db653a-7577-4440-9500-4e0d0c3c23ed,1
0df46583-35c9-4b96-aab2-e7aa5dd74ad3,4
b0bc9f58-c10c-4307-822a-bf0d0313472e,1
79be6156-5ef6-4c7a-83de-fd3b1c1cf932,48
13da0de8-342d-4c07-a20a-03348eb572de,14
1c7a047f-48fe-4f56-bd9c-d6adbfab2ca2,73
d4da0b16-1885-4347-a031-aebdd71c4673,16
b670ae6a-82f4-4769-99ca-ca93b192e3a0,86
4087e0c9-c7a0-40de-9f9d-950be36f905c,42
31e0eb7f-4427-4749-871e-2c8b7d0b1f1d,86
5add9a8b-9895-4520-acb9-d90926d5c64a,6
c9004d89-d26f-4494-90db-ffc59e9174e7,48
46ad25f0-d466-4e29-9759-65fa5af2c938,38
eb9f987b-e07d-474c-acd9-c8365f3db66d,72
7b8f9cdd-3e9a-4aa9-a1eb-1cba93c09af1,74
7113ffcf-f87f-4dca-8683-9c37f79a7f53,84
be547a72-3968-4a5f-b704-20bd5b606ec7,87
37c1b3f7-2908-4d05-98a8-1e65ad782415,78
9dfca2aa-74fd-48fc-8fdd-b875e0d72288,57
b7d7d1ee-d596-4c1a-98e3-0a65be5497d7,78
938abf68-0be9-4097-9f21-411c36443e35,18
3774ed7a-d892-47f7-bc91-32fd3ad4052f,3
046420a6-389e-4366-b850-2f68e2ecc7f5,95
c2eff3c9-c0b1-41a1-b850-ed9dae39b018,25
e8ce26e0-838a-486c-a4d7-1fd48966c4b7,85
b0a1c032-b330-4fb5-9e1d-9358b46fcf8f,19
f798b7b4-a2d5-4820-a682-69d9a5291ad1,7
5cce4522-d574-48da-9769-95156a55cf92,83
d649cc5e-ef0e-49d1-8b1c-2208adb09022,68
1886f5b3-947b-45e1-a685-bad74fdc112a,88
0e88b5c2-748b-48ba-a78c-7a6d6d2efe62,32
f5848bdc-4d14-40c0-a176-7adcfbd1a26b,93
c35cf25a-58c5-4929-98f5-1a574c856010,43
4bd2bbd4-ead1-4960-a434-f4fa2fcc3c95,27
aa359912-873d-4a56-90f5-af208a5340c6,88
7ecbda03-dd15-43d7-9e38-6594ad6d8d91,93
9081b2a4-80be-4e22-94f1-f00309b5172f,52
0b82458a-99ad-40c1-9118-10a804e8a7e0,40
24b56f87-0a35-41cd-a8b1-7a2a2ae1b817,58
9fc7c7b0-4618-4730-824f-d72dc4435a9c,9
e163a7be-1cdd-49be-9392-4ce0e328368f,72
e295188b-334d-4b85-a9e6-3b00ca3a2ff9,13
9434cade-afb7-41bc-ab31-09faadbfbc97,2
7f1c2fd4-29f1-49ee-8d5a-df4ce0f9aa26,9
53337bb7-e905-4e6f-9ce6-63f1d7261629,64
5e47a43a-fb51-475e-8ffd-872199489188,44
5d1321df-9230-4c01-95b0-60fe10a8d25e,6
d743e4e1-3395-4523-bbae-4fda5468dea7,54
b5fe1e82-0ca0-49b2-b928-b007a4177430,92
2afc3717-966c-46e7-9206-0a4c6c1d27c2,72
ec554b69-2de7-4929-8581-4a55151e8ea3,67
2459a74a-38ff-4b55-81f0-1ef17611f167,26
05e5be14-f8b0-456e-8afb-0d538b52a05b,43
df10b4e8-fd03-4317-896d-9bd9e2973569,24
ea6e8be3-3f3e-4372-b5f2-ab48f1f57070,40
6f25ece2-337b-40e5-a6f3-1117443f17a2,24
57e4ab26-c162-4bf1-b378-e0bfb652fede,26
0a4786f3-9168-4e18-ba2f-b4a59dc67a1e,26
c51801fb-876e-4825-b56d-3cc84ae074e0,66
73498c61-be45-46ee-bad8-9cdfd9a3d5f2,96
2a8b6ace-4cd3-45ee-a935-d48f14823576,85
72ef3cce-6333-4d56-8955-f78782b82264,33
31c1e437-87e0-4f87-a468-e2644754aa41,20
1be262f6-036b-46ba-8bc4-980b9ce39bdc,71
e17f7c87-e757-41e7-8045-9998e8bc08af,63
90591fee-da40-4d9a-9593-778834157256,79
a5586c29-c112-4e82-8a10-a67ef708a008,14
286f4afb-e113-477a-8779-7b78de879490,15
e7acb0ab-3b2e-4036-8923-f1b043bf15ce,31
b344e822-3824-4afc-b409-907111f49c4c,4
bfbfa11d-5ecb-4209-ace5-f5f08d94858a,81
f1ccbc95-733c-458c-961f-c1e5645b3ef1,39
b34dc204-b22e-4566-b396-735b5efaf8da,78
6d152d4a-2d15-41a8-8346-ce0449bb8b9c,90
05472ba3-a025-434c-850c-32780ec3f641,69
073b449a-ec79-42aa-9337-807ada3aae13,85
b7903e0d-0cc4-41df-9937-bbb7483514b6,16
ac1d2434-eb39-4b0e-9c4b-e668bbf9482f,48
bd19e81f-d2f2-437f-b46a-789f159a4df6,64
9c11d5c3-c7b5-4564-95a8-9c1d4d159810,39
6934013d-c69c-4b1f-8b2d-5eb91be2a5e2,72
69bf85e4-274f-4ed5-8264-845f7dbe84d7,38
2127d7ea-cf0a-4066-b376-20965c9b5ef2,9
989cbe34-c498-4209-b024-0c19d26ab619,31
e1065e27-0c27-40cc-9131-6740c141cf78,92
db07d05d-9910-4c1c-9173-760d505ddb25,78
77264891-07bf-4409-89de-07a49b437631,98
b322d446-0ca0-48fe-a2f2-cd2799a7ae7c,45
cba00714-3ab9-4a0a-90a2-1fd59518e973,7
234fe78b-870e-4b46-9290-1cbbdfc36096,47
c35f7360-c525-4823-bfb7-c85e37479298,74
6a7bbdc4-4d68-41a5-a4e9-9c6cd7efe301,7
2c9b8d4f-e538-4081-ba92-508822f7df9a,8
f3f3c483-536d-4112-8cbb-521b1ec2199b,82
69ae79be-91ad-454e-8f53-a8686e5bc4a0,12
6014999e-6b44-4ba9-92a7-671299859a82,56
e92e6ff6-e080-467e-bbd0-7229cae72f01,73
e38f97bd-025d-4bb3-9d76-420b43cd7f80,45
f71d493b-3cb6-47ee-9558-7816e6c11845,82
9094bb57-ceaf-417c-ba0f-ab9dc037bbb1,85
4e1bbb42-311a-4ef5-9757-44f632d3adc7,64
19e2a8a2-ca9d-4371-b157-e11498bb20e9,93
6624e257-e56e-4ff0-be69-0cc92c7a060c,39
97d35bfe-4bf7-4b3e-95d8-6b77a9302259,7
4aefaa65-0e11-4c50-878e-ce8fc8a94b11,50
89bee7a0-df64-48c8-8fdf-384ec540996b,44
e16d06cf-bed0-44a2-aa94-6f0e4f894739,37
f9e37d8a-6a02-47a6-87e8-ed5ed187f228,47
98810060-72f4-4a04-9746-844825cedc49,25
5fb30d25-bfab-4747-a7d8-2f214832660f,72
7b52413a-7190-470c-9cf5-fe49e5658822,31
3651f011-17c0-48ae-9851-ef3cf5804144,7
e5b35d30-9d9b-43ad-94be-6253929da57d,34
908962e1-994a-4f4d-ac1c-28914e02cc35,98
295fbf0e-f80f-45d9-bb80-86af679b7bbe,73
c94d041d-5536-4f40-b80a-a6446208688f,65
ed18be37-e6c2-40f8-aced-fdd351b5bc0d,72
143e0c64-8619-420d-8cb8-e7781569ca97,96
7248689b-1eba-46c9-8cd4-fbe4846b159d,61
83d180a6-ff24-41d8-9925-08072df4c3a2,41
94ff5902-0071-492e-8090-0e6caf5eceaf,19
ea6ffaaa-ee39-4ff5-89ad-ca91446fe6fb,59
b24966f0-4ae3-4b09-b3c7-3612ae149172,21
abaa8dd2-199a-4c8d-b70e-9a6303ccb5ac,9
6774e0f5-3d33-4c4c-99bc-dd01f3ec984f,52
b1980df6-95a9-406f-bc88-e1c6f242aa59,15
05c177d6-76c1-4f24-829b-4247f6a522cf,94
6ef102f6-f331-4922-be8c-5b9aa3a49900,8
8b42d961-05f3-4e22-a4cf-0eeb92dfe5c6,82
b5afdae4-897f-4c81-95d0-627bedac4383,79
4352afe1-9729-43fb-947e-8ccec98f2446,10
c85ba798-1cc1-4e05-92e2-976ff63584c5,25
e3f5136a-f077-44db-bc7b-0967e7e95ae5,40
cc446559-4679-4a3d-97c6-64d7574b7b62,6
f1817154-fa1d-4572-acd3-b3852df2789b,4
d1d8200d-9ddf-425f-bc05-2c889687f800,17
d956d3ac-c6dd-42ac-8f21-91d1b54a856a,17
b5779896-0815-48e5-9e23-4273f635c181,40
c5f1c5ac-1f9f-4bbb-8aeb-11eab84ed6d7,11
629af72b-fbcf-4697-955e-262b5ef77dde,95
bd97bffa-f56b-4ca1-8a19-3e9c0c7bb8da,29
ceee1ab8-0ff1-4d12-86ff-ecbb20a8d64d,54
51e0b957-11f5-4c29-b14f-35ced747c440,87
45ccd098-b540-4383-b71b-2c7c7001ee39,23
bf6cdc46-6182-4c87-bb0d-a562f4016a91,83
3b8d9332-b2b9-40f7-9b7d-1da968b296ac,50
5e9302ed-f97e-42ae-b26d-989b00b852da,23
17041ccf-1b9a-484f-9afb-073608621cd5,90
934887a4-6218-4628-97d7-0a634a554917,92
6f8c4654-79a4-47bf-8e82-3560030da027,100
8b37a957-ff12-4afa-9248-bef0cc2a7f98,60
82abe75a-a612-4ad5-b5a3-0637b4137f3d,100
8fff4d4d-79c0-45dc-9f16-4f5e07ccc21b,67
a9dabb06-deb9-4d33-806d-4ac39b4810ee,35
93b7d148-30d2-4013-86fb-e2a9ab7e63d2,76
4a012ed8-9d7a-4fd5-bd4f-0cf25b373693,66
3b5f4c58-4921-4bf5-9aab-048bbb9e486f,11
183fa97d-2401-433c-8c84-f1e75b6648b3,33
82277bc3-c629-48ea-a567-172fba71c2fe,29
b7ef793d-8586-4980-855a-481dbc0487fb,51
1024536d-a088-45b6-b461-3e7bdae539f6,70
975d35b7-4446-4600-9593-0bcd46c271c8,23
a40b7e33-4bea-4620-9a6a-7dbd2b70e517,61
25b7c240-eced-4071-b44d-83f5303be4aa,30
fdc7a7ea-9103-4b1e-88e5-6472f931c752,70
bdb2f071-287a-476f-9b5b-ce7e6e9dbfce,27
128e6eca-b049-43bf-a9af-4b73b30cab58,8
1c1b9034-41be-42e3-8dd6-8ee9c17d2955,65
86d5db43-6e72-4f15-b473-fb0f38f8a436,65
e08317ab-5b72-4e22-8046-4d6e9c5455fe,66
ead49ede-eb68-4779-a5d9-fc72ecbe7ca4,33
9b3e2dd9-4d71-4230-998f-f1ff63e17f93,73
c4d0619f-c09e-4a1e-a4e7-9a3fca0053c8,69
0da97ba0-e589-4b2f-9437-648c132cc10f,86
b2a937df-cbeb-4b2b-bde3-6c64d40b6d17,4
68356335-56df-42f6-8324-72076ffc2528,70
1c90a730-ac00-49fc-b802-7bb2ec51c92b,69
9513325e-767b-45d1-8ac2-877c84bc2b16,21
8b1e8457-666c-4e70-b6aa-aaa64ded4a45,87
631f1905-c2d5-498d-a8b7-a361b353dbf3,96
f6c33e29-04e2-4c8f-888f-ef2ec72e18e9,78
44593ef3-dff1-4f90-add7-19cdf9770a81,76
70ed31ce-a97f-4584-b775-5063e18f7267,77
ee9a2724-8427-4a98-810b-06c1151d66c0,74
fee1c31e-8894-4819-8f95-b9cb4855a728,98
1df4323d-a5d1-4491-8886-f207eb97d693,4
f8b1a8eb-66cb-402c-bed2-f4f45ab5e429,1
1c7368ad-1eb6-4ff1-8382-6cbe1ed26053,75
40516795-90b6-40b9-8b0a-ba3d7caf28df,83
0ba92c3f-211e-4cf0-8eb9-c34fe387b132,80
ab965e88-6514-411e-89eb-4d41ec50ea86,31
3b088d7a-e556-40c7-ad82-603b612a7923,37
7ed482c3-34cc-47d7-9d61-e4e21447b009,44
bdd32b61-837b-4126-abe1-a9e896f45a40,12
4a051343-2db3-4e06-85cb-e890eddb6844,68
9cef86d3-c3e3-42e1-92b0-9ed362925290,57
6f3b0e6b-5b68-4707-9aaf-d162d24944d0,69
226ea341-02fe-4ecd-b50c-f3062250df44,70
b767f72f-f8b2-4728-9d65-76019a2ff4c0,71
9d7f71f6-6c09-467c-9522-0800cac5d580,3
b8006c7d-f545-4624-97de-d5acd66335f0,22
be351162-da68-46e6-99be-8fa54a61399b,55
78b50740-3763-4e96-885d-386404c7a42a,8
c57c9f84-642e-48aa-a810-fccb0541c231,30
04197a9b-637d-4b51-a3af-749809216d59,35
eca7e5d5-c843-435e-b17f-b2adf530a7e7,47
ec4f3364-6709-46d6-a268-02deff06d3f4,26
0d46e8c9-a2d0-4879-bae6-24453ac8514f,52
0dd13945-2178-4c23-bacb-23793ffe135c,98
177352ad-c336-4859-9005-7135d8f8b4d4,71
cca668b2-0441-4254-8c4f-fe3132c892a1,100
352778fb-4d54-4c95-abd7-2fe149874686,29
0778a173-6d54-4d8a-a4df-6f78342d2ea3,26
bc8d17d9-181d-4d22-b7ab-abdf7fad1027,77
5b230bec-c2a6-4ef5-9dfe-678cbaf98618,63
35c6e546-c50e-4b26-ab99-550bd217aa9a,30
16882f43-ccfc-4bb2-b1ee-9ac8306f063f,86
46f553d6-7818-493c-a9d9-5ad5a0d2f7e4,48
a4ef7b14-bd99-4874-b1cf-b4e490550027,69
9daf7311-b007-4de3-84a3-0ad0032b59df,67
c7dbed1b-5777-4917-81d2-c4c07ce2201f,33
5841c62d-54d8-4960-bb04-c34c3445a79a,1
cd031050-ea99-49b1-9602-2242e59e1b76,37
1aa5a1ef-9051-4aab-94c1-86b93aecc777,29
c5765ebc-922e-4646-bf5d-0d9cf7ed1f71,97
7ea1411a-b59b-4dc8-be5f-9c68a888ee3b,84
f077c3e7-7e01-4605-9d83-f91bb88a91a7,62
52d23d43-8c78-4d1c-8c3d-09fa50d520d8,74
8658d3c3-702c-479a-bb7e-7d0670bd0755,86
bb66c44d-9683-45b5-a99e-6dd84f7a1614,65
fb0f9d50-f3bf-47b7-8d90-1a153705e9f7,15
50884988-9573-4f10-ace1-ba367e299792,67
b2e5bbe3-e378-431a-8ff1-7d8c010a2104,1
8974dcd6-e513-4112-acb4-f3a01b8b92aa,2
3f868929-9df3-497d-bab8-770b3f00e127,92
23243159-a339-450d-9436-92e5ad34e74a,68
b6bcfc50-6273-4d0f-819a-d71930ca13bb,100
604058db-3605-45c3-b120-1d599bae4537,83
0b8063f3-2ae4-4fb7-96a9-8f5cb7f89156,19
cb9df45f-379a-4ff8-96fc-3b529e0cbeb1,66
ada4058c-5632-4964-a476-e3b8f70d7421,91
64157588-f295-4254-bfad-dbc7707e2253,51
d3466c88-fe76-43c8-a3b8-47943041c818,47
5ba3f8a6-7e4b-4c39-bb66-3f54810d7f16,18
f1bc5693-64c8-4ca0-86cd-d9ad29d050e9,77
3ec69c60-e926-4cd8-86e6-52c398ec1964,69
9b6efbd3-509a-40f7-8271-f9eef517d9d7,20
0348e9c4-ba60-45d5-82fa-d5de75bb7f33,37
fec3306c-8f67-4bab-9ec6-d5cae3e46f36,23
8744bee0-48ee-4611-8da1-3ad33b208869,40
8fe23298-fb7e-46b7-85a4-0253bd75bc6e,90
64f6362d-b976-4867-b8fe-9282508c9d5d,49
f26985c5-36a8-4bd9-8b74-c9b542305163,58
af4f26fd-5aad-4268-a2e3-99ce0fd31fa5,36
09b81773-c639-43dd-a095-3d7638b3b3f0,12
1c0675a7-40ef-4abe-86bc-fd17a93f4e35,2
0768b505-cddd-41a4-9221-9072a5b077da,72
137ca090-793c-4319-ba41-7c6836ade15f,37
f08ba29c-74ff-4ee5-bb6e-d1aa02a8c13d,58
de869a8e-9ce6-49f3-85fe-de88eb2c61e3,22
